Virus,MOI,PercI,PercR
T3D,0.1,0.0032,0.15763
T3D,0.316,0.016433333,0.48148
T3D,1,0.033633333,0.36071
T3D,3.16,0.117333333,0.69649
T3D,10,0.287333333,0.78019
T3D,31.6,0.562333333,0.98214
T3D,100,0.813333333,0.95122
T3D,0.1,0.0032,0.28419
T3D,0.316,0.016433333,0.36813
T3D,1,0.033633333,0.42857
T3D,3.16,0.117333333,0.63643
T3D,10,0.287333333,0.79598
T3D,31.6,0.562333333,0.88218
T3D,100,0.813333333,1
T3D,0.1,0.0032,0.22436
T3D,0.316,0.016433333,0.29032
T3D,1,0.033633333,0.42857
T3D,3.16,0.117333333,0.62458
T3D,10,0.287333333,0.91898
T3D,31.6,0.562333333,
T3D,100,0.813333333,0.97778
T3D Noco,0.1,0.0032,0.0714
T3D Noco,0.316,0.016433333,0.2143
T3D Noco,1,0.033633333,0.4643
T3D Noco,3.16,0.117333333,0.6563
T3D Noco,10,0.287333333,0.6786
T3D Noco,31.6,0.562333333,0.8
T3D Noco,100,0.813333333,0.821429
T3D Noco,0.1,0.0032,0.1429
T3D Noco,0.316,0.016433333,0.2593
T3D Noco,1,0.033633333,0.3571
T3D Noco,3.16,0.117333333,0.4063
T3D Noco,10,0.287333333,0.5806
T3D Noco,31.6,0.562333333,0.8148
T3D Noco,100,0.813333333,0.967742
T3D Noco,0.1,0.0032,0.0714
T3D Noco,0.316,0.016433333,0.25
T3D Noco,1,0.033633333,0.4643
T3D Noco,3.16,0.117333333,0.5667
T3D Noco,10,0.287333333,0.6333
T3D Noco,31.6,0.562333333,0.871
T3D Noco,100,0.813333333,0.964286
T3DS208P,0.1,0.001733333,0
T3DS208P,0.316,0.005833333,0.0645
T3DS208P,1,0.0154,0.1333
T3DS208P,3.16,0.056666667,0.3571
T3DS208P,10,0.112,0.7037
T3DS208P,31.6,0.304,0.871
T3DS208P,100,0.3905,0.9286
T3DS208P,0.1,0.001733333,0.0625
T3DS208P,0.316,0.005833333,0.0333
T3DS208P,1,0.0154,0.1333
T3DS208P,3.16,0.056666667,0.3704
T3DS208P,10,0.112,0.6333
T3DS208P,31.6,0.304,0.7931
T3DS208P,100,0.3905,0.9063
T3DS208P,0.1,0.001733333,0.069
T3DS208P,0.316,0.005833333,0.1481
T3DS208P,1,0.0154,0.3448
T3DS208P,3.16,0.056666667,0.4839
T3DS208P,10,0.112,0.6333
T3DS208P,31.6,0.304,0.8
T3DS208P,100,0.3905,0.9333
T3DS208P Noco,0.1,0.001733333,0.0345
T3DS208P Noco,0.316,0.005833333,0.14815
T3DS208P Noco,1,0.0154,0.25
T3DS208P Noco,3.16,0.056666667,0.36667
T3DS208P Noco,10,0.112,0.46667
T3DS208P Noco,31.6,0.304,0.51724
T3DS208P Noco,100,0.3905,0.93548
T3DS208P Noco,0.1,0.001733333,0
T3DS208P Noco,0.316,0.005833333,0.074074
T3DS208P Noco,1,0.0154,0.096674
T3DS208P Noco,3.16,0.056666667,0.2857
T3DS208P Noco,10,0.112,0.42857
T3DS208P Noco,31.6,0.304,0.74074
T3DS208P Noco,100,0.3905,0.7333
T3DS208P Noco,0.1,0.001733333,0.0333
T3DS208P Noco,0.316,0.005833333,0.068966
T3DS208P Noco,1,0.0154,0.066667
T3DS208P Noco,3.16,0.056666667,0.2069
T3DS208P Noco,10,0.112,0.48387
T3DS208P Noco,31.6,0.304,0.7667
T3DS208P Noco,100,0.3905,0.87097
T1L,0.1,0.003466667,0.066667
T1L,0.316,0.009166667,0
T1L,1,0.025666667,0.225806
T1L,3.16,0.0686,0.275862
T1L,10,0.173333333,0.428571
T1L,31.6,0.343666667,0.5
T1L,100,0.630333333,0.774194
T1L,316,0.835,0.870968
T1L,0.1,0.003466667,0.064516
T1L,0.316,0.009166667,0
T1L,1,0.025666667,0.107143
T1L,3.16,0.0686,0.16129
T1L,10,0.173333333,0.366667
T1L,31.6,0.343666667,0.62069
T1L,100,0.630333333,0.766667
T1L,316,0.835,0.93333
T1L,0.1,0.003466667,0.03125
T1L,0.316,0.009166667,0.0625
T1L,1,0.025666667,0.1875
T1L,3.16,0.0686,0.322581
T1L,10,0.173333333,0.310345
T1L,31.6,0.343666667,0.483871
T1L,100,0.630333333,0.740741
T1L,316,0.835,0.892857
T1LP208S,0.1,0.003566667,0
T1LP208S,0.316,0.010866667,0.069
T1LP208S,1,0.027833333,0.1333
T1LP208S,3.16,0.0701,0.2667
T1LP208S,10,0.195666667,0.4483
T1LP208S,31.6,0.355333333,0.7742
T1LP208S,100,0.625666667,0.8571
T1LP208S,316,0.827333333,0.8929
T1LP208S,0.1,0.003566667,0.0345
T1LP208S,0.316,0.010866667,0.1724
T1LP208S,1,0.027833333,0.2
T1LP208S,3.16,0.0701,0.3667
T1LP208S,10,0.195666667,0.5714
T1LP208S,31.6,0.355333333,0.75
T1LP208S,100,0.625666667,0.8276
T1LP208S,316,0.827333333,0.8667
T1LP208S,0.1,0.003566667,0.1379
T1LP208S,0.316,0.010866667,0.1071
T1LP208S,1,0.027833333,0.2333
T1LP208S,3.16,0.0701,0.3571
T1LP208S,10,0.195666667,0.4286
T1LP208S,31.6,0.355333333,0.7143
T1LP208S,100,0.625666667,0.73333
T1LP208S,316,0.827333333,
