Virus,MOI,proportioninf,bulkMOI,infectedcells,Output,outputpercell
T3D,0.1,0.0032,0.003205131,944,100833.3333,106.8149718
T3D,0.316,0.016433333,0.016569858,4847.833333,390833.3333,80.62020834
T3D,1,0.033633333,0.034211945,9921.833333,2066666.667,208.294838
T3D,3.16,0.117333333,0.124807651,34613.33333,4600000,132.8967643
T3D,10,0.287333333,0.338741476,84763.33333,67500000,796.3348932
T3D,31.6,0.562333333,0.826297693,165888.3333,68333333.33,411.9236836
T3D,100,0.813333333,1.678430784,239933.3333,303333333.3,1264.240067
T3D,0.1,0.0032,0.003205131,944,50833.33333,53.84887006
T3D,0.316,0.016433333,0.016569858,4847.833333,141666.6667,29.2226768
T3D,1,0.033633333,0.034211945,9921.833333,1758333.333,177.218592
T3D,3.16,0.117333333,0.124807651,34613.33333,3391666.667,97.98728814
T3D,10,0.287333333,0.338741476,84763.33333,54000000,637.0679146
T3D,31.6,0.562333333,0.826297693,165888.3333,98333333.33,592.7682276
T3D,100,0.813333333,1.678430784,239933.3333,266000000,1108.641289
T3D,0.1,0.0032,0.003205131,944,39166.66667,41.49011299
T3D,0.316,0.016433333,0.016569858,4847.833333,99166.66667,20.45587376
T3D,1,0.033633333,0.034211945,9921.833333,1833333.333,184.7776789
T3D,3.16,0.117333333,0.124807651,34613.33333,2716666.667,78.48613251
T3D,10,0.287333333,0.338741476,84763.33333,48333333.33,570.2151087
T3D,31.6,0.562333333,0.826297693,165888.3333,68333333.33,411.9236836
T3D,100,0.813333333,1.678430784,239933.3333,225000000,937.760489
T3DS208P,0.1,0.001733333,0.001734837,511.3333333,282500,552.4771838
T3DS208P,0.316,0.005833333,0.005850414,1720.833333,497000,288.8135593
T3DS208P,1,0.0154,0.015519812,4543,2133333.333,469.5869103
T3DS208P,3.16,0.056666667,0.058335577,16716.66667,4791666.667,286.6400798
T3DS208P,10,0.112,0.118783536,33040,25500000,771.7917676
T3DS208P,31.6,0.304,0.362405619,89680,77166666.67,860.4668451
T3DS208P,100,0.3905,0.49511633,115197.5,146666666.7,1273.175778
T3DS208P,0.1,0.001733333,0.001734837,511.3333333,196666.6667,384.6153846
T3DS208P,0.316,0.005833333,0.005850414,1720.833333,388333.3333,225.6658596
T3DS208P,1,0.0154,0.015519812,4543,1591666.667,350.3558588
T3DS208P,3.16,0.056666667,0.058335577,16716.66667,4641666.667,277.666999
T3DS208P,10,0.112,0.118783536,33040,22400000,677.9661017
T3DS208P,31.6,0.304,0.362405619,89680,91166666.67,1016.577461
T3DS208P,100,0.3905,0.49511633,115197.5,167500000,1454.02461
T3DS208P,0.1,0.001733333,0.001734837,511.3333333,168333.3333,329.2046936
T3DS208P,0.316,0.005833333,0.005850414,1720.833333,529166.6667,307.5060533
T3DS208P,1,0.0154,0.015519812,4543,1516666.667,333.846944
T3DS208P,3.16,0.056666667,0.058335577,16716.66667,2508333.333,150.0498504
T3DS208P,10,0.112,0.118783536,33040,18600000,562.9539952
T3DS208P,31.6,0.304,0.362405619,89680,54833333.33,611.4332441
T3DS208P,100,0.3905,0.49511633,115197.5,221666666.7,1924.231573
T1L,0.1,0.003466667,0.003472689,598,622500,1040.9699
T1L,0.316,0.009166667,0.009208939,1581.25,1850000,1169.960474
T1L,1,0.025666667,0.026001803,4427.5,5333333.333,1204.592509
T1L,3.16,0.0686,0.071066448,11833.5,29166666.67,2464.754018
T1L,10,0.173333333,0.190353728,29900,46083333.33,1541.248606
T1L,31.6,0.343666667,0.421086489,59282.5,128333333.3,2164.776002
T1L,100,0.630333333,0.99515358,108732.5,225833333.3,2076.962576
T1L,316,0.835,1.801809805,144037.5,441666666.7,3066.331106
T1L,0.1,0.003466667,0.003472689,598,450833.3333,753.9018952
T1L,0.316,0.009166667,0.009208939,1581.25,1233333.333,779.9736495
T1L,1,0.025666667,0.026001803,4427.5,5833333.333,1317.523057
T1L,3.16,0.0686,0.071066448,11833.5,12916666.67,1091.533922
T1L,10,0.173333333,0.190353728,29900,52000000,1739.130435
T1L,31.6,0.343666667,0.421086489,59282.5,227500000,3837.557458
T1L,100,0.630333333,0.99515358,108732.5,330833333.3,3042.635213
T1L,316,0.835,1.801809805,144037.5,425000000,2950.620498
T1L,0.1,0.003466667,0.003472689,598,825000,1379.598662
T1L,0.316,0.009166667,0.009208939,1581.25,3958333.333,2503.293808
T1L,1,0.025666667,0.026001803,4427.5,17833333.33,4027.856202
T1L,3.16,0.0686,0.071066448,11833.5,31750000,2683.060802
T1L,10,0.173333333,0.190353728,29900,62500000,2090.301003
T1L,31.6,0.343666667,0.421086489,59282.5,163333333.3,2755.169457
T1L,100,0.630333333,0.99515358,108732.5,209000000,1922.148392
T1L,316,0.835,1.801809805,144037.5,410000000,2846.480951
T1LP208S,0.1,0.003566667,0.003573042,615.25,733333.3333,1191.927401
T1LP208S,0.316,0.010866667,0.01092614,1874.5,1640000,874.8999733
T1LP208S,1,0.027833333,0.028228021,4801.25,4500000,937.2559229
T1LP208S,3.16,0.0701,0.072678225,12092.25,25166666.67,2081.222822
T1LP208S,10,0.195666667,0.217741502,33752.5,5333333.333,158.0129867
T1LP208S,31.6,0.355333333,0.439021892,61295,164000000,2675.585284
T1LP208S,100,0.625666667,0.982608613,107927.5,475000000,4401.102592
T1LP208S,316,0.827333333,1.756392325,142715,516666666.7,3620.268834
T1LP208S,0.1,0.003566667,0.003573042,615.25,858333.3333,1395.096844
T1LP208S,0.316,0.010866667,0.01092614,1874.5,3616666.667,1929.403396
T1LP208S,1,0.027833333,0.028228021,4801.25,7166666.667,1492.66684
T1LP208S,3.16,0.0701,0.072678225,12092.25,24583333.33,2032.982558
T1LP208S,10,0.195666667,0.217741502,33752.5,52000000,1540.62662
T1LP208S,31.6,0.355333333,0.439021892,61295,132500000,2161.677135
T1LP208S,100,0.625666667,0.982608613,107927.5,322500000,2988.117023
T1LP208S,316,0.827333333,1.756392325,142715,516666666.7,3620.268834
T1LP208S,0.1,0.003566667,0.003573042,615.25,733333.3333,1191.927401
T1LP208S,0.316,0.010866667,0.01092614,1874.5,2158333.333,1151.418156
T1LP208S,1,0.027833333,0.028228021,4801.25,6250000,1301.744337
T1LP208S,3.16,0.0701,0.072678225,12092.25,18000000,1488.55672
T1LP208S,10,0.195666667,0.217741502,33752.5,45000000,1333.234575
T1LP208S,31.6,0.355333333,0.439021892,61295,111000000,1810.91443
T1LP208S,100,0.625666667,0.982608613,107927.5,227500000,2107.896505
T1LP208S,316,0.827333333,1.756392325,142715,325000000,2277.26588
