MOI,Rep,L1,L2,L3,M1,M2,M3,S1,S2,S3,S4
100,1,0,0,0,0,0,0,0,0,1,0
100,1,0,0,0,0,0,0,0,1,0,1
100,1,0,0,0,0,0,0,1,0,0,
100,1,0,0,0,0,0,1,0,0,0,1
100,1,0,0,0,0,0,1,0,1,1,0
100,1,0,0,,0,0,1,0,1,1,1
100,1,0,0,0,0,0,1,1,0,0,1
100,1,0,0,0,0,1,0,0,1,0,1
100,1,0,0,0,1,0,1,1,0,0,0
100,1,0,0,1,0,0,1,1,0,0,1
100,1,0,0,1,1,0,0,0,1,0,1
100,1,0,1,0,0,0,0,0,0,0,1
100,1,0,1,0,,0,0,1,1,0,1
100,1,0,1,0,0,1,1,0,0,1,1
100,1,0,1,0,0,1,1,1,1,1,0
100,1,0,1,0,,1,1,1,1,1,1
100,1,0,1,1,0,0,0,0,1,1,0
100,1,0,1,1,0,0,1,0,1,0,0
100,1,0,1,1,0,1,0,0,0,0,1
100,1,0,1,1,,0,0,1,0,0,1
100,1,0,1,1,1,0,1,0,1,0,0
100,1,1,0,0,0,0,0,0,1,0,
100,1,1,0,0,0,1,0,0,0,1,
100,1,1,0,0,1,1,0,1,1,0,0
100,1,1,0,1,0,0,1,1,0,1,1
100,1,1,0,1,1,0,0,0,0,1,0
100,1,1,0,1,1,1,1,0,1,1,1
100,1,1,1,0,0,1,0,0,1,1,1
100,1,1,1,0,0,1,0,1,1,1,1
100,1,1,1,0,1,0,0,1,0,0,1
100,1,1,1,0,1,0,1,0,1,0,0
100,1,1,1,0,1,1,1,1,1,0,0
100,1,1,1,1,0,1,0,1,0,0,1
100,1,1,1,1,1,0,0,0,1,1,0
100,1,1,1,1,1,0,1,0,1,0,
100,1,1,1,1,1,0,1,0,1,1,0
100,1,1,1,1,1,0,1,1,1,1,
100,1,1,1,1,,1,1,0,1,1,1
100,1,1,1,,1,1,1,1,1,0,1
100,1,1,1,1,1,1,1,1,1,1,1
100,1,1,1,1,1,1,1,1,1,1,1
100,2,0,0,0,0,0,0,0,0,0,1
100,2,0,0,0,0,0,0,1,0,1,0
100,2,0,0,0,1,0,0,0,1,1,1
100,2,0,0,0,1,0,1,0,0,0,1
100,2,0,0,0,1,0,,1,0,1,0
100,2,0,0,0,1,0,1,1,1,,1
100,2,0,0,0,1,1,0,1,0,0,1
100,2,0,0,1,0,0,0,0,0,0,0
100,2,0,0,1,0,0,0,0,0,0,1
100,2,0,0,1,0,1,1,0,0,0,0
100,2,0,0,1,0,1,1,1,1,0,0
100,2,0,0,1,1,1,0,1,0,0,1
100,2,0,1,0,0,0,1,0,0,0,0
100,2,0,1,0,0,0,1,1,0,1,0
100,2,0,1,0,1,0,0,0,0,0,1
100,2,0,1,1,1,0,0,0,0,1,0
100,2,0,1,1,1,1,1,0,,1,1
100,2,1,0,0,0,0,0,1,0,0,0
100,2,1,0,0,0,1,0,1,0,0,0
100,2,1,0,0,1,1,1,0,1,0,1
100,2,1,0,1,1,0,0,0,1,1,1
100,2,1,1,0,0,0,0,0,0,0,
100,2,1,1,0,0,0,1,1,0,0,1
100,2,1,1,0,0,1,0,1,0,0,1
100,2,1,1,0,0,1,1,0,1,0,0
100,2,1,1,0,1,1,1,0,1,1,0
100,2,1,1,0,1,1,1,1,1,1,0
100,2,1,1,1,0,1,0,0,0,0,0
100,3,0,0,0,0,0,0,0,0,0,0
100,3,0,0,0,0,0,0,1,0,0,0
100,3,0,0,0,0,1,0,1,0,1,0
100,3,0,0,0,0,1,1,0,0,1,1
100,3,0,0,0,1,0,0,0,0,0,0
100,3,0,0,0,1,0,0,0,0,0,0
100,3,0,0,0,1,0,1,0,0,0,0
100,3,0,0,0,1,0,1,0,,1,0
100,3,0,0,0,1,1,0,1,1,0,1
100,3,0,0,0,1,1,1,1,0,0,0
100,3,0,0,0,1,1,1,1,0,1,0
100,3,0,0,1,0,0,0,0,0,0,0
100,3,0,0,1,0,0,0,1,0,0,0
100,3,0,0,1,0,0,0,1,0,1,0
100,3,0,0,1,0,0,1,0,0,0,0
100,3,0,0,1,0,1,0,0,1,,0
100,3,0,0,1,0,1,1,1,0,0,0
100,3,0,0,1,1,0,0,1,,1,0
100,3,0,1,0,0,,0,0,1,1,0
100,3,0,1,0,0,0,1,1,0,0,1
100,3,0,1,0,1,0,1,1,1,0,0
100,3,0,1,1,0,1,1,0,1,1,0
100,3,0,1,1,1,0,1,0,1,0,0
100,3,1,0,0,0,0,0,0,0,0,1
100,3,1,0,0,0,0,,0,1,0,1
100,3,1,0,0,0,0,1,0,1,1,0
100,3,1,0,0,0,1,1,0,1,0,0
100,3,1,0,0,1,0,1,1,1,1,1
100,3,1,0,1,0,0,0,,0,0,1
100,3,1,0,1,0,0,0,0,0,1,0
100,3,1,0,1,0,0,0,0,0,1,0
100,3,1,0,1,0,0,1,1,1,1,1
100,3,1,0,1,1,0,0,0,0,1,0
100,3,1,0,1,1,0,1,0,0,0,0
100,3,1,0,1,1,1,0,1,1,0,1
100,3,1,0,1,1,1,0,1,1,1,1
100,3,1,0,1,1,1,1,0,0,1,0
100,3,1,1,0,0,0,0,1,1,0,0
100,3,1,1,0,1,1,0,0,0,1,0
100,3,1,1,1,0,1,0,1,0,1,1
100,3,1,1,1,0,1,1,1,0,1,0
100,3,1,1,1,0,1,,1,1,0,0
100,3,1,1,1,1,0,0,1,,1,1
100,3,1,1,1,1,1,0,0,0,1,1
100,3,1,1,1,1,1,0,1,0,1,1
31.6,1,0,0,,0,0,0,0,0,0,1
31.6,1,0,0,0,,1,0,1,0,0,0
31.6,1,0,1,0,,0,0,0,1,0,0
31.6,1,0,1,0,,0,0,0,1,1,0
31.6,1,0,1,0,1,0,1,1,1,0,0
31.6,1,0,1,0,1,0,1,1,1,0,1
31.6,1,0,1,0,1,1,,0,1,0,1
31.6,1,0,1,1,0,1,,0,0,1,1
31.6,1,0,1,1,1,0,,1,0,0,0
31.6,1,1,0,1,,1,0,0,0,0,1
31.6,1,1,1,0,,1,0,0,0,1,1
31.6,1,1,,0,1,0,1,1,1,0,0
31.6,1,1,1,0,,1,0,0,0,0,0
31.6,1,1,1,1,0,1,,1,1,1,0
31.6,1,1,1,1,,1,0,1,1,0,1
31.6,1,0,0,0,0,0,0,0,0,0,0
31.6,1,0,0,0,0,0,0,0,1,0,0
31.6,1,0,0,0,0,0,0,0,1,0,0
31.6,1,0,0,0,0,,1,0,1,0,0
31.6,1,0,0,1,0,0,0,0,1,1,0
31.6,1,0,,1,1,1,1,1,1,1,0
31.6,1,0,1,0,0,0,0,0,0,1,1
31.6,1,0,1,1,0,0,1,1,0,1,0
31.6,1,0,1,1,1,0,0,,1,0,0
31.6,1,0,1,1,1,0,0,1,1,1,0
31.6,1,0,1,1,1,0,1,,0,0,0
31.6,1,0,1,1,1,0,1,1,0,1,0
31.6,1,0,1,1,1,1,1,1,0,0,0
31.6,1,1,0,0,0,1,1,0,,0,0
31.6,1,1,0,1,0,,1,0,0,0,1
31.6,1,1,0,1,0,1,0,1,1,1,0
31.6,1,1,0,1,1,0,0,0,1,1,1
31.6,1,1,0,1,1,1,1,0,1,1,0
31.6,1,1,1,1,0,0,0,1,0,0,1
31.6,1,1,1,1,0,,1,0,1,1,0
31.6,1,1,1,1,0,1,0,0,0,0,0
31.6,1,1,1,1,0,1,1,1,0,1,0
31.6,1,1,1,,0,1,1,1,0,1,1
31.6,1,1,1,1,1,0,0,0,0,0,1
31.6,1,1,,1,1,0,0,1,0,1,0
31.6,1,1,1,1,1,0,0,1,0,1,1
31.6,1,1,1,1,1,1,0,1,0,1,1
31.6,1,1,1,1,1,1,1,1,1,0,1
31.6,2,0,0,0,0,0,0,0,0,0,0
31.6,2,0,0,0,,0,0,0,0,0,0
31.6,2,0,0,0,0,0,1,0,1,0,1
31.6,2,0,0,0,1,0,1,0,0,0,1
31.6,2,0,0,1,0,0,1,0,1,1,0
31.6,2,0,0,1,0,1,0,0,1,1,1
31.6,2,0,0,1,1,0,1,0,0,0,0
31.6,2,1,0,0,0,0,0,0,0,1,0
31.6,2,1,0,0,0,0,0,1,1,0,0
31.6,2,1,0,0,0,1,0,1,,1,0
31.6,2,1,0,0,0,1,1,1,1,1,1
31.6,2,1,0,0,1,0,1,1,1,0,0
31.6,2,1,1,0,0,,0,0,1,1,1
31.6,2,1,1,1,0,,1,1,1,0,1
31.6,2,1,1,1,,1,0,1,1,1,1
31.6,2,1,1,1,1,,1,1,0,1,1
31.6,2,1,1,1,1,,1,1,1,0,1
31.6,2,1,1,1,1,1,1,1,1,1,1
31.6,2,0,0,0,0,0,0,0,0,0,0
31.6,2,0,0,0,0,0,0,0,0,0,0
31.6,2,0,0,0,0,0,0,,0,0,1
31.6,2,0,0,0,,0,1,0,0,0,0
31.6,2,0,0,0,0,0,1,0,0,0,0
31.6,2,0,0,0,0,1,0,1,1,0,1
31.6,2,0,0,0,1,0,,0,0,0,0
31.6,2,0,0,0,1,0,0,0,0,1,0
31.6,2,0,0,0,1,1,1,1,1,1,1
31.6,2,0,0,1,0,0,0,0,0,0,0
31.6,2,0,0,1,0,0,0,0,0,0,1
31.6,2,0,0,1,0,0,0,1,0,0,0
31.6,2,0,0,1,0,0,1,0,0,1,0
31.6,2,0,0,1,,0,1,1,0,0,1
31.6,2,0,1,0,0,,1,1,0,1,1
31.6,2,0,1,0,1,0,0,1,0,0,
31.6,2,0,1,0,1,1,0,1,0,1,1
31.6,2,0,1,1,0,0,1,0,0,0,
31.6,2,0,1,1,,1,1,1,1,0,1
31.6,2,1,0,0,0,0,0,0,1,1,0
31.6,2,1,0,0,0,0,0,1,0,0,0
31.6,2,1,0,,0,1,1,1,1,1,0
31.6,2,1,0,0,1,1,1,1,1,0,0
31.6,2,1,0,1,0,1,1,0,1,1,1
31.6,2,1,0,1,0,1,1,1,0,0,0
31.6,2,1,1,0,0,1,1,,1,0,1
31.6,2,1,1,0,1,0,0,0,1,1,1
31.6,2,1,1,0,1,1,0,1,0,1,0
31.6,2,1,1,1,1,1,1,1,0,1,1
10,1,0,0,0,0,0,0,0,0,0,0
10,1,0,0,0,0,0,0,0,0,0,0
10,1,0,0,0,0,0,0,0,0,0,0
10,1,0,0,0,0,0,0,0,0,0,0
10,1,0,0,,0,0,0,0,0,0,1
10,1,0,0,0,0,0,0,0,1,0,0
10,1,0,0,0,1,0,0,0,0,0,0
10,1,0,0,0,1,1,1,0,1,0,0
10,1,0,0,0,1,1,1,1,0,0,1
10,1,0,0,1,0,0,0,0,0,0,0
10,1,0,0,1,1,1,1,0,0,0,0
10,1,0,1,0,0,0,0,0,0,0,0
10,1,0,1,0,0,0,0,0,0,1,0
10,1,0,1,0,0,0,0,0,0,1,0
10,1,0,1,1,0,1,0,1,1,0,0
10,1,1,0,1,0,0,0,1,0,0,1
10,1,1,0,1,0,0,1,1,1,0,0
10,1,1,0,1,1,0,0,1,1,1,0
10,1,1,0,1,1,1,1,0,0,0,1
10,1,1,1,0,0,1,1,1,0,0,0
10,1,1,1,1,1,0,1,0,1,1,1
10,1,1,1,1,1,1,1,0,0,0,1
10,1,1,1,1,1,1,1,1,1,1,1
10,1,0,0,0,0,0,0,0,0,0,0
10,1,0,0,0,0,0,0,0,0,0,0
10,1,0,0,0,0,0,0,0,0,0,0
10,1,0,0,0,0,0,0,0,0,0,0
10,1,0,0,0,0,0,0,1,0,0,0
10,1,0,0,0,0,0,0,1,1,0,0
10,1,0,0,0,0,1,0,0,0,0,0
10,1,0,0,0,1,0,0,0,1,0,1
10,1,0,0,0,1,0,0,1,1,1,0
10,1,0,0,0,1,1,0,,1,0,1
10,1,0,0,1,1,0,0,1,0,1,0
10,1,0,1,0,0,0,0,0,0,0,0
10,1,0,1,0,0,0,1,0,0,0,0
10,1,0,1,0,0,0,1,0,0,0,1
10,1,,1,0,1,0,0,1,0,1,1
10,1,0,1,1,0,1,0,0,,0,0
10,1,0,1,1,0,1,0,1,1,0,0
10,1,0,1,1,1,1,0,1,0,1,0
10,1,0,1,1,1,1,1,0,1,0,1
10,1,1,0,0,0,1,1,1,1,1,1
10,1,1,0,0,1,0,0,0,1,1,0
10,1,1,0,1,0,0,0,0,0,1,0
10,1,1,1,1,0,0,1,0,1,1,1
10,1,1,1,1,1,0,0,1,1,0,1
10,1,1,1,1,1,1,0,0,1,1,1
10,1,1,1,1,1,1,1,1,1,1,1
10,1,1,1,1,1,1,1,1,1,1,1
10,2,0,0,0,0,1,0,0,0,1,1
10,2,0,0,1,0,0,1,0,,0,1
10,2,0,1,0,0,0,0,0,0,0,0
10,2,0,1,0,0,0,0,1,1,,1
10,2,0,1,0,0,1,0,1,1,0,0
10,2,0,1,1,0,0,0,1,1,0,1
10,2,1,0,1,1,0,0,0,,0,1
10,2,1,0,1,1,0,1,1,0,1,0
10,2,1,0,1,1,0,1,1,0,1,1
10,2,1,0,1,1,1,1,1,0,1,0
10,2,1,1,0,0,0,1,0,1,0,1
10,2,1,1,0,,0,1,1,0,0,0
10,2,1,1,0,1,0,0,1,1,0,0
10,2,1,,1,1,0,1,0,1,0,0
10,2,1,1,1,,0,1,1,1,0,0
10,2,1,1,1,1,1,1,1,1,1,1
10,2,1,1,1,,1,1,1,1,1,1
10,2,1,1,1,1,1,1,1,1,1,1
10,2,0,0,0,0,0,0,0,0,0,0
10,2,0,0,0,0,0,0,0,0,0,0
10,2,0,0,0,,0,0,0,0,0,0
10,2,0,0,0,0,0,0,0,0,0,0
10,2,0,0,0,0,0,0,0,0,0,0
10,2,0,0,0,0,0,0,0,0,0,0
10,2,0,0,,1,0,0,0,0,0,1
10,2,0,0,1,0,0,0,1,1,0,1
10,2,0,0,1,0,1,1,1,1,0,0
10,2,0,1,0,0,1,0,1,0,1,0
10,2,0,1,1,0,1,0,0,0,1,
10,2,0,1,1,1,0,0,1,0,0,1
10,2,0,1,1,1,0,1,0,1,0,1
10,2,0,1,1,1,1,0,0,0,0,0
10,2,0,1,1,1,1,0,1,1,0,1
10,2,1,0,0,0,0,0,0,1,0,0
10,2,1,0,0,0,0,1,0,0,0,0
10,2,1,0,0,0,1,0,0,0,0,0
10,2,1,0,0,1,0,0,1,0,0,0
10,2,1,0,1,0,0,1,1,,0,0
10,2,1,0,1,1,1,0,0,1,1,1
10,2,1,1,0,0,0,1,0,1,0,0
10,2,1,1,0,0,1,0,0,1,1,1
10,2,1,1,0,0,1,0,1,1,1,0
10,2,1,1,0,1,0,1,1,0,1,0
10,2,1,1,0,1,1,0,1,0,0,0
10,2,1,1,1,0,0,0,0,1,0,0
10,2,1,1,1,1,0,1,1,0,1,1
10,2,1,1,1,1,1,1,1,1,1,1
10,3,0,0,0,0,0,,0,0,0,0
10,3,0,0,0,0,0,0,0,0,0,0
10,3,0,0,0,0,0,0,0,1,0,0
10,3,0,0,0,,1,0,0,0,0,0
10,3,0,0,0,0,1,0,0,0,0,1
10,3,0,0,0,0,1,0,0,0,0,1
10,3,0,0,0,0,1,0,0,0,1,0
10,3,0,0,0,0,1,1,0,1,1,1
10,3,0,0,0,1,,0,0,0,0,0
10,3,0,0,1,1,1,0,,0,1,0
10,3,0,0,1,1,1,0,1,0,,0
10,3,,0,1,1,1,1,1,1,1,1
10,3,0,1,0,1,0,0,0,0,0,0
10,3,0,1,1,1,0,0,0,1,0,1
10,3,0,1,1,1,1,0,0,0,0,1
10,3,1,0,0,0,1,0,0,0,0,0
10,3,1,0,1,1,0,0,0,1,0,1
10,3,1,0,1,1,1,0,1,0,0,1
10,3,1,0,1,1,1,1,,0,1,1
10,3,1,1,0,0,,1,1,0,0,0
10,3,1,1,0,0,1,1,0,1,0,1
10,3,1,1,0,1,1,0,1,1,0,0
10,3,1,,1,1,1,0,0,1,1,1
10,3,1,1,1,1,1,1,1,1,1,1
10,3,0,0,0,0,0,0,0,1,0,0
10,3,0,0,0,0,1,0,0,,1,1
10,3,0,0,1,0,0,0,0,1,1,1
10,3,0,0,1,0,1,0,0,0,1,1
10,3,0,0,1,0,1,1,0,0,0,1
10,3,0,0,1,1,0,0,0,1,0,0
10,3,0,1,0,0,0,1,0,1,1,0
10,3,0,1,0,0,0,1,0,1,1,1
10,3,0,1,0,1,1,0,0,0,1,0
10,3,0,1,0,1,1,0,1,0,0,0
10,3,0,1,1,1,0,0,0,0,0,0
10,3,0,,1,1,0,0,0,0,0,0
10,3,0,1,1,1,0,0,0,1,1,0
10,3,0,1,,1,0,0,1,1,1,1
10,3,1,0,0,0,0,0,1,0,0,0
10,3,1,0,0,1,0,0,0,,1,1
10,3,1,0,0,1,0,0,1,1,1,0
10,3,1,0,0,1,1,1,1,0,1,0
10,3,1,0,1,1,0,1,1,1,1,1
10,3,1,1,0,0,1,0,1,1,0,0
10,3,1,1,0,1,0,0,1,1,1,1
10,3,1,1,0,1,1,1,1,1,1,1
10,3,1,1,1,0,0,1,1,0,0,
10,3,1,1,1,0,1,0,0,1,0,0
10,3,1,1,1,1,0,1,0,0,0,0
10,3,1,1,1,1,1,1,0,1,0,1
10,3,1,1,1,,1,1,1,1,1,1
3.16,1,0,0,0,0,0,0,0,0,0,0
3.16,1,0,0,0,0,0,0,0,0,0,0
3.16,1,0,0,0,0,0,0,0,0,0,0
3.16,1,0,0,0,,0,0,0,0,0,0
3.16,1,0,0,0,0,0,1,0,0,0,0
3.16,1,0,0,0,1,1,0,1,0,0,0
3.16,1,0,0,1,0,0,,1,1,1,1
3.16,1,0,0,1,1,0,1,0,0,1,0
3.16,1,0,1,0,,0,1,1,1,0,1
3.16,1,0,1,0,1,1,0,1,0,0,0
3.16,1,0,1,1,0,1,0,1,1,1,1
3.16,1,0,1,1,1,1,1,0,1,0,1
3.16,1,1,0,,0,0,0,1,0,0,1
3.16,1,1,0,0,0,0,1,0,0,0,0
3.16,1,1,0,0,1,0,0,0,0,1,0
3.16,1,1,,1,0,1,1,1,1,1,1
3.16,1,1,1,,1,1,0,1,0,1,0
3.16,1,1,1,1,,1,0,1,1,1,0
3.16,1,1,1,1,1,1,0,1,1,1,1
3.16,1,1,1,1,1,1,1,1,0,1,1
3.16,1,1,1,1,1,1,1,1,1,1,0
3.16,1,1,1,1,1,1,1,1,1,1,1
3.16,1,1,1,1,1,1,1,1,1,1,1
3.16,1,0,0,0,0,0,0,0,0,0,0
3.16,1,0,0,0,0,0,0,0,0,0,0
3.16,1,0,0,0,0,0,0,0,0,0,0
3.16,1,0,0,0,0,0,0,0,0,0,0
3.16,1,0,0,0,0,0,0,0,0,0,1
3.16,1,0,0,0,0,1,0,1,1,0,0
3.16,1,0,0,1,0,0,0,1,0,1,1
3.16,1,0,1,0,0,1,0,1,0,0,1
3.16,1,0,1,0,0,1,0,1,1,0,0
3.16,1,0,1,0,1,1,0,1,0,0,1
3.16,1,0,1,1,0,0,1,1,0,0,0
3.16,1,0,1,1,0,1,0,1,1,1,0
3.16,1,0,1,1,1,0,0,1,1,0,1
3.16,1,0,1,1,1,1,1,0,1,0,0
3.16,1,0,1,1,1,1,,1,1,0,1
3.16,1,1,0,0,0,0,0,0,0,1,0
3.16,1,1,0,0,0,1,0,0,0,0,1
3.16,1,1,0,0,0,1,1,1,1,1,1
3.16,1,1,1,0,0,0,1,1,0,1,0
3.16,1,1,1,1,1,1,0,1,1,1,0
3.16,1,1,1,1,1,1,1,0,1,1,0
3.16,1,1,1,1,1,1,1,1,,1,1
3.16,1,1,1,1,1,1,1,1,1,1,1
3.16,1,1,1,1,1,1,1,1,1,1,1
3.16,1,1,1,1,1,1,1,1,1,1,1
3.16,1,1,1,1,1,1,1,1,1,1,1
3.16,2,0,0,0,,0,0,0,0,0,0
3.16,2,0,0,0,0,0,0,0,0,0,0
3.16,2,0,0,0,0,0,0,0,0,0,0
3.16,2,0,0,0,,0,0,0,0,0,1
3.16,2,0,1,0,0,0,0,1,1,0,1
3.16,2,0,1,0,0,1,0,1,1,1,0
3.16,2,0,1,0,0,1,1,0,1,0,0
3.16,2,0,1,1,,0,0,0,0,0,0
3.16,2,0,1,1,0,0,0,0,1,0,0
3.16,2,1,0,0,0,0,0,0,0,0,0
3.16,2,1,0,0,0,1,0,0,1,1,0
3.16,2,1,0,0,0,1,1,0,0,0,0
3.16,2,1,0,,1,1,1,1,1,1,0
3.16,2,1,1,0,1,1,0,1,1,1,1
3.16,2,1,1,1,0,0,0,1,0,1,1
3.16,2,1,1,1,1,0,0,0,0,1,0
3.16,2,1,1,1,1,1,1,0,0,1,1
3.16,2,1,1,1,1,1,1,1,1,1,1
3.16,2,1,1,1,1,1,,1,1,1,1
3.16,2,1,1,1,1,1,,1,1,1,1
3.16,2,1,1,1,1,1,1,1,1,1,1
3.16,2,1,1,1,1,1,1,1,1,1,1
3.16,2,1,1,1,1,1,1,1,1,1,1
3.16,2,0,0,0,0,0,0,0,0,0,0
3.16,2,0,0,0,0,0,0,0,0,0,0
3.16,2,0,0,0,0,0,0,0,0,0,0
3.16,2,0,0,0,,0,0,0,0,0,0
3.16,2,0,0,0,0,0,0,0,0,0,0
3.16,2,0,0,0,0,0,0,0,0,0,0
3.16,2,0,0,0,0,0,0,0,0,0,0
3.16,2,0,0,0,0,0,0,1,1,0,1
3.16,2,0,0,0,1,0,0,0,0,0,1
3.16,2,0,0,0,1,0,0,0,0,1,0
3.16,2,0,0,1,0,0,0,0,1,1,1
3.16,2,0,0,1,1,0,1,0,1,0,1
3.16,2,0,0,1,1,1,0,1,0,0,0
3.16,2,0,1,0,1,1,0,0,0,0,1
3.16,2,0,,1,1,0,0,0,0,0,1
3.16,2,0,1,1,1,0,1,0,,0,1
3.16,2,0,1,1,1,0,1,0,1,1,1
3.16,2,0,1,1,1,1,1,1,1,,0
3.16,2,1,0,0,0,0,0,0,0,0,1
3.16,2,1,0,0,0,1,1,1,1,0,1
3.16,2,1,1,1,0,0,1,0,0,1,1
3.16,2,1,1,1,0,1,0,0,1,1,1
3.16,2,1,1,1,1,1,0,1,1,1,0
3.16,2,1,1,1,1,1,1,1,0,0,1
3.16,2,1,1,1,1,1,,1,0,0,1
3.16,2,1,1,1,1,1,1,1,1,1,1
3.16,2,1,1,1,1,1,1,1,1,1,1
3.16,2,1,1,1,1,1,1,1,1,1,1
3.16,2,1,1,1,1,1,1,1,1,1,1
3.16,3,0,0,0,0,0,0,0,0,0,0
3.16,3,0,0,0,,0,0,0,0,0,0
3.16,3,0,0,0,0,0,0,0,0,0,0
3.16,3,0,0,0,0,0,,0,0,0,0
3.16,3,0,0,0,0,0,0,0,0,0,0
3.16,3,0,0,0,0,0,0,0,0,0,0
3.16,3,0,0,0,0,0,0,0,0,0,0
3.16,3,0,0,0,0,1,0,1,0,0,0
3.16,3,0,0,0,1,0,1,1,1,0,1
3.16,3,0,1,0,0,1,,0,1,1,0
3.16,3,0,1,1,1,0,0,1,1,1,1
3.16,3,0,1,1,1,1,1,0,0,1,1
3.16,3,1,0,1,1,0,1,1,1,0,0
3.16,3,1,0,1,1,0,1,1,1,1,1
3.16,3,1,1,0,,0,1,0,0,0,0
3.16,3,1,1,1,1,0,0,1,1,1,0
3.16,3,1,1,1,1,0,1,0,0,1,1
3.16,3,1,1,1,,1,0,0,1,0,0
3.16,3,1,1,1,1,,1,1,1,1,0
3.16,3,1,1,1,,1,1,1,1,1,1
3.16,3,1,1,1,1,1,1,1,1,1,1
3.16,3,1,1,1,1,1,1,1,1,1,1
3.16,3,0,0,0,0,0,0,0,0,0,0
3.16,3,0,0,0,0,0,0,0,0,0,0
3.16,3,0,0,0,0,0,0,0,0,0,0
3.16,3,0,0,0,0,0,0,0,0,0,0
3.16,3,0,0,0,0,0,0,0,0,0,0
3.16,3,0,0,0,0,0,0,0,0,0,1
3.16,3,0,0,0,0,0,1,0,0,0,1
3.16,3,0,0,0,0,1,0,0,1,0,0
3.16,3,0,0,0,1,0,0,0,1,1,0
3.16,3,0,0,1,0,0,0,1,0,0,0
3.16,3,0,0,1,0,0,1,1,1,1,1
3.16,3,0,1,0,0,0,0,1,0,0,0
3.16,3,0,1,0,0,1,0,0,1,1,0
3.16,3,0,1,1,1,0,0,0,0,0,1
3.16,3,0,1,1,1,1,0,,1,0,0
3.16,3,1,0,0,0,0,0,0,0,1,0
3.16,3,1,0,1,1,1,1,1,1,0,1
3.16,3,1,1,1,0,0,1,1,0,1,1
3.16,3,1,1,1,0,0,1,1,1,1,0
3.16,3,1,1,1,1,0,1,0,1,0,0
3.16,3,1,1,1,1,0,1,1,,0,1
3.16,3,1,1,1,1,1,0,0,0,1,1
3.16,3,1,1,1,1,1,0,1,1,1,1
3.16,3,1,1,1,1,1,1,1,1,0,1
3.16,3,1,1,1,1,1,1,1,1,1,1
3.16,3,1,1,1,1,1,1,1,,1,1
3.16,3,1,1,1,1,1,1,1,1,,1
1,1,0,0,0,0,0,0,0,0,0,0
1,1,0,0,0,0,0,0,0,0,0,0
1,1,0,0,0,0,0,0,0,0,0,0
1,1,0,0,,0,0,0,0,0,0,0
1,1,0,0,0,0,0,0,0,0,0,0
1,1,0,0,0,0,0,0,0,0,0,0
1,1,0,0,0,0,0,0,0,0,0,0
1,1,0,0,0,0,0,1,0,0,0,0
1,1,0,0,0,0,0,1,1,0,0,0
1,1,0,0,0,0,1,0,0,1,0,0
1,1,0,0,1,0,1,0,1,0,0,1
1,1,0,1,0,1,0,1,0,1,1,1
1,1,0,1,1,0,1,1,0,1,1,1
1,1,1,0,0,0,0,0,1,0,0,1
1,1,1,0,0,,0,1,1,1,0,1
1,1,1,0,0,0,1,1,1,1,1,1
1,1,1,1,0,1,1,1,1,1,1,1
1,1,1,1,1,1,1,1,1,1,1,1
1,1,1,1,1,1,1,,1,1,1,1
1,1,1,1,1,1,1,1,1,1,1,1
1,1,1,1,1,1,1,1,1,1,1,1
1,1,1,1,1,1,1,1,1,1,1,1
1,1,1,1,1,1,1,1,1,1,1,1
1,1,1,1,1,1,1,1,1,1,1,1
1,1,1,1,1,1,1,1,1,1,1,1
1,1,0,0,0,0,0,0,0,0,0,0
1,1,0,0,0,0,0,0,0,0,0,0
1,1,0,0,0,0,0,0,0,0,0,0
1,1,0,0,0,0,0,0,0,0,0,0
1,1,0,0,0,0,0,0,0,0,0,0
1,1,0,0,0,0,0,0,0,0,0,0
1,1,0,0,0,0,0,0,0,0,0,0
1,1,0,0,0,,0,0,0,0,0,0
1,1,0,0,0,0,0,0,0,0,0,0
1,1,0,0,0,0,0,0,0,0,0,0
1,1,0,0,0,1,0,0,1,1,0,1
1,1,0,0,1,0,1,0,0,0,1,0
1,1,0,0,1,1,0,0,1,0,0,1
1,1,0,1,0,0,0,0,0,0,0,0
1,1,0,1,0,1,0,0,1,0,1,0
1,1,0,1,1,1,1,,1,1,0,0
1,1,1,0,0,0,0,0,0,0,0,0
1,1,1,0,1,0,1,1,1,1,0,0
1,1,1,0,1,1,1,1,1,1,0,1
1,1,1,1,1,1,1,1,1,1,1,1
1,1,1,1,1,1,1,1,1,,1,1
1,1,1,1,1,1,1,1,1,1,1,1
1,1,1,1,1,1,1,1,1,1,1,1
1,1,1,1,1,1,1,1,1,1,1,1
1,1,1,1,1,1,1,1,1,1,1,1
1,1,1,1,1,1,1,1,1,1,1,1
1,1,1,1,1,1,1,1,1,1,1,1
1,1,1,1,1,1,1,1,1,1,1,1
1,2,1,0,1,,0,0,0,0,0,0
1,2,1,1,1,1,1,1,1,1,1,1
1,2,1,1,1,1,1,1,1,1,1,1
1,2,1,1,0,1,0,0,1,0,0,1
1,2,0,0,0,,0,0,0,0,0,0
1,2,0,0,0,1,1,1,1,1,0,1
1,2,0,1,,1,1,1,1,1,1,0
1,2,1,0,1,1,0,0,0,0,1,1
1,2,1,1,1,1,1,1,1,1,1,1
1,2,0,0,0,0,0,0,0,0,0,0
1,2,0,1,0,0,1,0,0,1,0,0
1,2,0,1,1,0,1,1,1,0,0,0
1,2,0,0,0,0,0,0,0,0,0,0
1,2,1,1,1,1,1,1,1,1,1,1
1,2,0,1,1,0,0,1,0,1,0,0
1,2,1,1,1,1,1,1,1,1,1,1
1,2,0,0,1,1,1,0,1,0,0,1
1,2,0,0,0,0,,0,0,0,0,0
1,2,1,1,1,,1,1,1,1,1,1
1,2,0,0,0,,0,0,0,0,0,0
1,2,0,0,1,0,0,1,0,0,0,0
1,2,0,0,0,0,0,0,0,0,0,0
1,2,1,0,0,1,1,1,1,1,1,1
1,2,0,0,0,0,0,0,0,0,0,0
1,2,0,0,0,0,0,0,0,0,0,0
1,2,1,1,1,1,1,1,1,1,1,1
1,2,0,0,0,0,0,0,0,0,0,0
1,2,1,1,0,0,1,1,1,1,0,1
1,3,0,1,0,0,,1,0,0,0,0
1,3,0,0,0,0,0,0,0,0,0,0
1,3,0,1,0,0,1,1,1,1,1,0
1,3,1,1,1,1,1,1,1,0,1,0
1,3,1,0,1,1,1,1,0,0,1,0
1,3,1,1,1,1,1,1,1,1,1,1
1,3,1,1,1,1,1,1,1,1,1,1
1,3,1,1,0,1,1,1,1,1,1,0
1,3,1,1,1,1,1,1,1,1,1,1
1,3,0,0,0,0,0,0,0,0,0,0
1,3,1,,1,1,1,1,1,1,1,1
1,3,1,1,0,,1,0,0,0,0,1
1,3,0,0,,0,0,0,0,0,0,0
1,3,1,1,1,1,1,1,1,1,1,1
1,3,1,1,,1,0,1,1,1,0,1
1,3,0,0,0,0,1,1,0,,0,1
1,3,1,1,1,1,1,1,1,1,1,1
1,3,0,0,0,0,0,0,0,0,0,0
1,3,0,1,1,1,0,1,1,1,1,1
1,3,1,0,1,0,0,0,1,0,0,1
1,3,1,1,1,1,1,1,1,1,1,1
1,3,1,1,1,1,1,1,1,1,1,1
1,3,0,0,0,0,0,0,0,0,0,0
1,3,0,0,0,1,0,,0,0,0,0
1,3,1,1,1,1,1,1,1,1,1,1
1,3,1,1,1,0,0,0,0,0,1,0
1,3,1,1,1,1,1,1,1,1,1,1
1,3,1,1,1,1,1,1,1,1,1,1
0.316,1,0,0,0,0,0,0,0,0,0,0
0.316,1,1,1,0,0,1,0,0,0,1,1
0.316,1,1,1,1,1,1,1,1,1,1,1
0.316,1,1,1,1,1,0,1,1,1,1,1
0.316,1,0,0,1,0,1,0,1,1,1,1
0.316,1,0,0,0,0,0,0,1,,0,0
0.316,1,1,0,1,1,0,1,1,0,1,1
0.316,1,0,0,0,0,0,0,0,0,0,0
0.316,1,1,1,1,1,1,0,1,1,1,1
0.316,1,0,0,0,0,0,0,0,0,0,0
0.316,1,1,1,1,1,1,1,1,1,1,1
0.316,1,1,1,1,1,1,1,1,1,1,1
0.316,1,1,1,1,1,1,1,1,1,1,1
0.316,1,0,1,1,1,0,1,0,1,1,1
0.316,1,1,1,1,1,1,1,1,1,0,1
0.316,1,1,1,1,1,1,1,1,1,1,1
0.316,1,1,1,0,0,1,0,0,0,1,1
0.316,1,1,1,1,1,0,1,0,0,1,0
0.316,1,1,1,1,1,1,1,1,1,1,1
0.316,1,1,1,1,1,1,1,1,1,1,1
0.316,1,1,1,1,1,1,1,1,1,1,
0.316,1,1,1,0,1,1,1,1,1,0,1
0.316,1,0,0,0,0,0,0,0,0,0,0
0.316,1,1,0,0,0,1,0,0,0,0,0
0.316,1,1,1,1,1,1,1,1,1,1,1
0.316,1,0,0,0,0,0,0,0,0,0,0
0.316,1,1,0,0,1,1,1,1,1,1,1
0.316,2,0,0,0,0,0,0,0,0,0,0
0.316,2,0,0,0,0,0,0,0,0,0,0
0.316,2,0,0,0,0,0,0,0,0,0,0
0.316,2,0,0,0,0,0,0,0,0,0,0
0.316,2,0,0,0,0,0,0,0,0,0,0
0.316,2,0,0,0,0,0,1,0,0,0,1
0.316,2,0,0,0,0,1,0,0,0,0,0
0.316,2,0,0,1,0,0,0,0,0,0,0
0.316,2,0,0,1,1,1,1,1,1,0,1
0.316,2,1,0,0,,0,0,0,1,1,0
0.316,2,1,0,0,0,1,0,1,0,0,0
0.316,2,1,0,1,0,1,0,1,0,0,1
0.316,2,1,1,0,,1,1,1,1,1,1
0.316,2,1,1,1,0,1,1,1,1,,0
0.316,2,1,1,1,1,1,1,1,1,1,1
0.316,2,1,1,1,1,1,1,1,1,1,1
0.316,2,1,1,1,1,1,1,1,1,1,1
0.316,2,1,1,1,1,1,1,1,1,1,1
0.316,2,1,1,1,1,,1,1,1,1,1
0.316,2,1,1,1,1,1,1,1,1,1,1
0.316,2,1,1,1,1,1,1,1,1,1,1
0.316,2,0,0,0,0,0,0,0,0,0,0
0.316,2,0,0,0,0,0,0,0,0,0,0
0.316,2,0,0,0,0,0,0,0,0,0,0
0.316,2,0,0,0,0,0,0,0,0,0,0
0.316,2,0,0,0,0,0,0,0,0,0,0
0.316,2,0,0,0,0,0,0,0,0,0,0
0.316,2,0,0,0,0,0,0,0,0,0,0
0.316,2,0,0,0,0,0,0,0,0,0,0
0.316,2,0,0,0,0,0,0,0,0,0,0
0.316,2,0,0,0,0,0,0,0,0,0,0
0.316,2,0,0,0,0,0,0,0,0,0,0
0.316,2,0,0,0,0,0,0,0,0,0,0
0.316,2,0,0,0,0,0,0,0,0,0,0
0.316,2,0,1,0,0,0,0,0,0,0,0
0.316,2,0,1,0,0,0,1,1,0,1,0
0.316,2,0,1,1,1,0,1,0,1,0,1
0.316,2,1,0,1,0,1,0,0,0,0,1
0.316,2,1,1,1,0,1,1,1,1,1,1
0.316,2,1,1,1,1,1,0,1,,1,1
0.316,2,1,1,1,1,1,1,1,0,0,1
0.316,2,1,1,1,1,1,1,1,1,1,0
0.316,2,1,1,1,1,1,1,1,1,1,1
0.316,2,1,1,1,1,1,1,1,1,1,1
0.316,2,1,1,1,1,1,1,1,1,1,1
0.316,2,,1,1,1,1,1,1,1,1,1
0.316,2,1,1,1,1,1,1,1,1,1,1
0.316,3,0,0,0,0,0,0,0,0,0,0
0.316,3,0,0,0,0,0,0,0,0,0,0
0.316,3,0,0,0,0,0,0,0,0,0,
0.316,3,0,0,0,0,0,0,0,0,0,0
0.316,3,0,0,0,0,0,0,0,0,0,0
0.316,3,0,0,0,0,0,0,0,0,0,0
0.316,3,0,0,0,0,0,0,0,0,0,0
0.316,3,0,0,0,0,0,0,0,0,0,0
0.316,3,0,0,0,0,0,0,0,0,0,0
0.316,3,0,0,,1,0,0,0,0,0,0
0.316,3,1,0,1,1,1,1,1,1,1,0
0.316,3,1,0,1,1,1,1,1,1,1,1
0.316,3,1,1,0,0,0,0,0,0,0,0
0.316,3,1,1,0,1,0,0,1,1,1,1
0.316,3,1,1,1,0,1,1,1,0,1,0
0.316,3,1,1,1,1,0,0,1,0,1,1
0.316,3,1,1,1,1,0,1,1,1,1,0
0.316,3,1,1,1,1,1,0,1,1,1,1
0.316,3,1,1,1,1,1,1,1,1,1,1
0.316,3,1,1,1,1,1,1,1,1,1,1
0.316,3,1,1,1,1,1,1,1,1,1,1
0.316,3,1,1,1,1,1,1,1,1,1,1
0.316,3,1,1,1,1,1,1,1,1,1,1
0.316,3,1,1,1,1,1,1,1,1,1,1
0.316,3,1,1,1,1,1,1,1,1,1,1
0.316,3,1,1,1,1,1,1,1,1,1,1
0.316,3,1,1,1,1,1,1,1,1,1,1
0.316,3,1,1,1,1,1,1,1,,1,1
0.316,3,1,1,1,1,1,1,1,1,1,1
0.316,3,1,1,1,1,1,1,1,1,1,1
0.316,3,1,1,1,1,1,1,1,1,1,1
0.1,1,0,0,0,0,0,0,0,0,0,0
0.1,1,0,0,0,0,,0,0,0,0,0
0.1,1,0,0,0,0,0,0,0,,0,0
0.1,1,0,0,0,0,,0,0,0,0,0
0.1,1,0,0,0,0,,0,0,0,0,0
0.1,1,0,0,0,0,0,0,0,,0,0
0.1,1,0,0,0,0,,0,0,0,0,0
0.1,1,1,1,1,1,1,,1,0,1,1
0.1,1,1,1,1,1,1,1,1,1,0,1
0.1,1,1,1,1,1,1,1,1,1,1,1
0.1,1,1,1,1,1,1,1,1,1,1,1
0.1,1,1,1,,1,1,1,1,1,1,1
0.1,1,1,1,1,1,1,1,1,1,1,1
0.1,1,1,1,1,1,1,1,1,1,1,1
0.1,1,0,0,0,0,0,0,0,0,0,0
0.1,1,0,0,0,0,0,0,0,0,0,0
0.1,1,0,0,0,0,0,0,0,0,0,0
0.1,1,0,0,0,0,0,0,0,0,0,0
0.1,1,0,0,0,0,0,0,0,0,0,0
0.1,1,0,0,0,0,0,0,0,0,0,0
0.1,1,0,0,0,,0,0,0,0,0,0
0.1,1,0,0,0,0,0,0,0,0,0,0
0.1,1,0,0,0,0,0,0,0,0,0,0
0.1,1,0,0,1,1,0,0,1,0,1,1
0.1,1,1,0,0,0,1,1,1,1,1,1
0.1,1,1,0,0,0,1,1,1,1,1,1
0.1,1,1,,0,0,1,1,1,1,1,1
0.1,1,1,1,,0,1,1,1,1,1,1
0.1,1,1,1,1,1,1,1,1,1,1,1
0.1,1,1,1,1,1,1,1,1,1,1,1
0.1,1,1,1,1,1,1,1,1,1,1,1
0.1,1,1,1,1,1,1,,1,1,1,1
0.1,1,1,1,1,1,1,,1,1,1,1
0.1,1,1,1,1,1,1,1,1,1,1,1
0.1,1,1,1,1,1,1,1,1,1,1,1
0.1,1,1,1,1,1,1,1,1,1,1,1
0.1,1,1,1,1,,1,1,1,1,1,1
0.1,1,1,1,1,1,1,1,1,1,,1
0.1,1,1,1,1,1,,1,1,1,1,1
0.1,1,1,1,1,1,1,1,1,1,1,1
0.1,1,1,1,1,1,1,1,1,1,1,1
0.1,1,1,1,1,1,1,1,1,1,1,1
0.1,1,1,1,1,1,1,1,1,1,1,1
0.1,2,0,0,,0,0,0,0,0,0,0
0.1,2,0,0,0,0,0,0,0,0,0,0
0.1,2,0,0,0,0,0,0,0,0,0,0
0.1,2,1,1,1,1,0,0,1,0,0,1
0.1,2,1,1,1,1,0,,1,1,1,1
0.1,2,1,1,1,1,1,1,1,1,1,
0.1,2,1,1,1,1,1,1,1,1,1,1
0.1,2,1,1,1,1,1,1,1,,1,1
0.1,2,1,1,1,1,1,1,1,1,1,1
0.1,2,0,0,0,0,0,0,0,0,0,0
0.1,2,0,0,0,0,0,0,0,0,0,0
0.1,2,0,0,0,0,0,0,0,0,0,0
0.1,2,0,0,0,0,0,0,0,0,0,0
0.1,2,0,0,0,0,0,0,0,1,0,0
0.1,2,,1,1,1,1,0,1,0,0,1
0.1,2,1,1,1,1,1,1,1,0,1,1
0.1,2,1,1,1,1,1,1,1,0,1,1
0.1,2,1,1,1,1,1,,1,0,1,1
0.1,2,1,1,1,1,,1,1,0,1,1
0.1,2,1,1,1,1,1,,1,0,1,1
0.1,2,1,1,1,1,1,,1,0,1,1
0.1,2,1,1,1,1,1,,1,0,1,1
0.1,2,1,1,1,1,1,1,1,1,1,1
0.1,2,1,1,1,1,1,1,1,1,1,1
0.1,2,1,1,1,1,1,1,1,1,1,1
0.1,2,1,1,1,1,1,1,1,,1,1
0.1,2,1,1,1,1,1,1,1,1,1,1
0.1,2,1,1,1,1,1,1,1,1,1,1
0.1,2,1,1,1,1,1,1,1,1,1,1
0.1,2,1,1,1,1,1,1,1,1,1,1
0.1,2,1,1,1,1,1,1,1,1,1,1
0.1,2,1,1,1,1,1,1,1,1,1,1
0.1,2,1,1,1,1,1,1,1,1,1,1
0.1,2,1,1,1,1,1,1,1,,1,1
0.1,2,1,1,1,1,1,1,1,1,1,1
0.1,3,0,0,0,0,,0,0,0,0,0
0.1,3,0,0,0,0,0,0,0,0,0,0
0.1,3,0,0,0,0,,0,0,0,0,0
0.1,3,0,1,1,1,,0,1,0,0,1
0.1,3,1,0,1,1,0,1,1,1,0,1
0.1,3,1,1,1,1,0,0,1,0,,1
0.1,3,1,1,1,1,0,,1,0,1,1
0.1,3,1,1,1,1,1,1,1,1,1,1
0.1,3,1,1,1,1,1,1,1,1,1,1
0.1,3,1,1,1,1,1,1,1,1,1,1
0.1,3,1,1,1,1,1,1,1,1,1,1
0.1,3,1,1,1,1,1,1,,1,1,1
0.1,3,0,0,0,0,0,0,0,0,0,0
0.1,3,0,0,0,,0,0,0,0,0,0
0.1,3,0,0,0,0,0,0,0,0,0,0
0.1,3,0,0,0,0,0,0,0,0,0,0
0.1,3,0,0,0,0,0,0,0,0,0,0
0.1,3,0,0,0,0,0,0,0,0,0,0
0.1,3,0,0,0,0,0,0,0,0,0,0
0.1,3,0,0,1,0,0,0,1,0,0,0
0.1,3,1,0,0,1,0,0,0,1,1,0
0.1,3,1,1,1,0,1,1,0,1,0,1
0.1,3,1,1,1,1,1,1,1,1,1,1
0.1,3,1,1,1,1,1,1,1,1,1,1
0.1,3,1,1,1,1,1,1,1,1,1,1
0.1,3,1,1,1,1,1,1,1,1,1,1
0.1,3,1,1,,1,1,1,1,1,1,1
0.1,3,1,1,1,1,1,1,1,1,1,1
0.1,3,1,1,1,1,1,1,1,1,1,1
0.1,3,1,1,1,1,1,1,1,1,1,1
0.1,3,1,1,1,1,1,1,1,1,1,1
0.1,3,1,1,1,1,1,1,1,1,1,1
0.1,3,1,1,1,1,1,1,1,1,1,1
0.1,3,1,1,1,1,1,1,1,1,1,1
0.1,3,1,1,1,1,1,1,1,1,1,1
0.1,3,1,1,1,1,1,1,1,1,1,1
0.1,3,1,1,1,1,1,1,1,1,1,1
0.1,3,1,1,1,1,1,1,1,1,1,1
